[{"C:\\Users\\iceStone\\AppData\\Roaming\\Sublime Text 3\\Packages\\User\\Side Bar Folders.sublime-settings": "ASCII"}, {"C:\\Users\\iceStone\\AppData\\Roaming\\Sublime Text 3\\Packages\\User\\Default (Windows).sublime-keymap": "ASCII"}, {"C:\\Users\\iceStone\\AppData\\Roaming\\Sublime Text 3\\Packages\\FileHeader\\Default (Windows).sublime-keymap": "ASCII"}, {"C:\\Users\\iceStone\\AppData\\Roaming\\Sublime Text 3\\Packages\\HTML-CSS-JS Prettify\\HTMLPrettify.sublime-settings": "ASCII"}, {"C:\\Users\\iceStone\\AppData\\Roaming\\Sublime Text 3\\Packages\\User\\Preferences.sublime-settings": "ASCII"}, {"C:\\inetpub\\AdminScripts\\adsutil.vbs": "ASCII"}, {"C:\\WorkSpace\\Projects\\rating\\dist\\resources\\app\\config.js": "UTF-8"}, {"C:\\Users\\iceStone\\.npmrc": "ASCII"}, {"C:\\WorkSpace\\Projects\\rating\\src\\config.js": "UTF-8"}, {"C:\\WorkSpace\\Projects\\rating\\src\\main.js": "UTF-8"}, {"C:\\WorkSpace\\Projects\\rating\\src\\data\\temp.json": "UTF-8"}, {"C:\\WorkSpace\\Projects\\rating\\src\\package.json": "ASCII"}, {"C:\\WorkSpace\\Projects\\rating\\dist\\resources\\app\\controllers\\admin.js": "UTF-8"}, {"C:\\WorkSpace\\Projects\\rating\\src\\controllers\\admin.js": "UTF-8"}, {"C:\\WorkSpace\\Projects\\rating\\dist\\resources\\app\\views\\report.xtpl": "UTF-8"}, {"C:\\Users\\iceStone\\Desktop\\install.cmd": "ASCII"}, {"C:\\Users\\iceStone\\Desktop\\\u65b0\u5efa\u6587\u672c\u6587\u6863.txt": "ASCII"}, {"C:\\Application\\Scripts\\\u53f3\u952e2015.reg": "ASCII"}, {"C:\\Users\\iceStone\\AppData\\Roaming\\Sublime Text 3\\Packages\\User\\Snippets\\import.sublime-snippet": "ASCII"}, {"C:\\Users\\iceStone\\AppData\\Roaming\\Sublime Text 3\\Packages\\User\\Snippets\\require.sublime-snippet": "ASCII"}, {"C:\\Users\\iceStone\\AppData\\Roaming\\Sublime Text 3\\Packages\\HTML-CSS-JS Prettify\\.jsbeautifyrc": "ASCII"}, {"C:\\WorkSpace\\Projects\\eva\\dist\\resources\\app\\config.js": "UTF-8"}, {"C:\\Users\\iceStone\\AppData\\Roaming\\Sublime Text 3\\.gitignore": "ASCII"}]